PRAGMA foreign_keys = ON;
BEGIN TRANSACTION;
CREATE TABLE Assignment (
    assignment_id   INTEGER PRIMARY KEY,
    race_id         INTEGER NOT NULL REFERENCES Race(race_id),
    personnel_id    INTEGER NOT NULL REFERENCES Engineer(personnel_id),
    start_date      TEXT,
    end_date        TEXT,
    calculated_cost NUMERIC,
    role_type       TEXT
);
INSERT INTO "Assignment" VALUES(1,1,10,'2026-03-08','2026-03-09',2970,'Lead Engineer');
INSERT INTO "Assignment" VALUES(2,1,1,'2026-03-08','2026-03-09',2160,'Tire Technician');
INSERT INTO "Assignment" VALUES(3,2,14,'2026-03-23','2026-03-24',5900,'Lead Engineer');
INSERT INTO "Assignment" VALUES(4,3,16,'2026-04-06','2026-04-08',4760,'Lead Engineer');
INSERT INTO "Assignment" VALUES(5,3,19,'2026-04-06','2026-04-08',3040,'Support Engineer');
INSERT INTO "Assignment" VALUES(6,3,1,'2026-04-06','2026-04-08',2880,'Trackside Engineer');
INSERT INTO "Assignment" VALUES(7,4,15,'2026-04-15','2026-04-18',3575,'Lead Engineer');
INSERT INTO "Assignment" VALUES(8,4,8,'2026-04-15','2026-04-18',3650,'Tire Technician');
INSERT INTO "Assignment" VALUES(9,4,4,'2026-04-15','2026-04-18',3700,'Tire Technician');
INSERT INTO "Assignment" VALUES(10,5,17,'2026-04-26','2026-04-27',2235,'Lead Engineer');
INSERT INTO "Assignment" VALUES(11,6,4,'2026-05-06','2026-05-07',4440,'Lead Engineer');
INSERT INTO "Assignment" VALUES(12,6,24,'2026-05-06','2026-05-07',6900,'Trackside Engineer');
INSERT INTO "Assignment" VALUES(13,6,23,'2026-05-06','2026-05-07',4110,'Support Engineer');
INSERT INTO "Assignment" VALUES(14,7,2,'2026-05-18','2026-05-21',4560,'Lead Engineer');
INSERT INTO "Assignment" VALUES(15,7,1,'2026-05-18','2026-05-21',4320,'Tire Technician');
INSERT INTO "Assignment" VALUES(16,7,5,'2026-05-18','2026-05-21',6900,'Support Engineer');
INSERT INTO "Assignment" VALUES(17,8,23,'2026-06-04','2026-06-07',3425,'Lead Engineer');
INSERT INTO "Assignment" VALUES(18,8,10,'2026-06-04','2026-06-07',4950,'Data Analyst');
INSERT INTO "Assignment" VALUES(19,8,5,'2026-06-04','2026-06-07',5750,'Trackside Engineer');
INSERT INTO "Assignment" VALUES(20,9,4,'2026-06-18','2026-06-20',3700,'Lead Engineer');
INSERT INTO "Assignment" VALUES(21,9,3,'2026-06-18','2026-06-20',3500,'Tire Technician');
INSERT INTO "Assignment" VALUES(22,9,10,'2026-06-18','2026-06-20',4950,'Trackside Engineer');
INSERT INTO "Assignment" VALUES(23,10,8,'2026-03-01','2026-03-02',3650,'Lead Engineer');
INSERT INTO "Assignment" VALUES(24,10,20,'2026-03-01','2026-03-02',5475,'Support Engineer');
INSERT INTO "Assignment" VALUES(25,11,18,'2026-03-17','2026-03-18',4040,'Lead Engineer');
INSERT INTO "Assignment" VALUES(26,12,15,'2026-03-28','2026-03-30',5005,'Lead Engineer');
INSERT INTO "Assignment" VALUES(27,12,9,'2026-03-28','2026-03-30',8540,'Data Analyst');
INSERT INTO "Assignment" VALUES(28,13,8,'2026-04-19','2026-04-21',3650,'Lead Engineer');
INSERT INTO "Assignment" VALUES(29,13,16,'2026-04-19','2026-04-21',5950,'Tire Technician');
INSERT INTO "Assignment" VALUES(30,13,17,'2026-04-19','2026-04-21',3725,'Tire Technician');
INSERT INTO "Assignment" VALUES(31,14,14,'2026-05-06','2026-05-08',5900,'Lead Engineer');
INSERT INTO "Assignment" VALUES(32,15,21,'2026-05-26','2026-05-27',2780,'Lead Engineer');
INSERT INTO "Assignment" VALUES(33,15,10,'2026-05-26','2026-05-27',3960,'Support Engineer');
INSERT INTO "Assignment" VALUES(34,15,2,'2026-05-26','2026-05-27',3040,'Tire Technician');
INSERT INTO "Assignment" VALUES(35,16,22,'2026-06-06','2026-06-07',4820,'Lead Engineer');
INSERT INTO "Assignment" VALUES(36,16,21,'2026-06-06','2026-06-07',2780,'Trackside Engineer');
INSERT INTO "Assignment" VALUES(37,17,9,'2026-06-14','2026-06-15',3660,'Lead Engineer');
INSERT INTO "Assignment" VALUES(38,18,22,'2026-03-24','2026-03-26',4820,'Lead Engineer');
INSERT INTO "Assignment" VALUES(39,18,14,'2026-03-24','2026-03-26',4720,'Tire Technician');
INSERT INTO "Assignment" VALUES(40,18,12,'2026-03-24','2026-03-26',4160,'Trackside Engineer');
INSERT INTO "Assignment" VALUES(41,19,23,'2026-04-02','2026-04-03',2740,'Lead Engineer');
INSERT INTO "Assignment" VALUES(42,19,11,'2026-04-02','2026-04-03',3120,'Data Analyst');
INSERT INTO "Assignment" VALUES(43,19,14,'2026-04-02','2026-04-03',4720,'Trackside Engineer');
INSERT INTO "Assignment" VALUES(44,20,1,'2026-04-23','2026-04-26',4320,'Lead Engineer');
INSERT INTO "Assignment" VALUES(45,20,10,'2026-04-23','2026-04-26',5940,'Support Engineer');
INSERT INTO "Assignment" VALUES(46,20,24,'2026-04-23','2026-04-26',6900,'Tire Technician');
INSERT INTO "Assignment" VALUES(47,21,7,'2026-05-12','2026-05-13',2760,'Lead Engineer');
INSERT INTO "Assignment" VALUES(48,21,10,'2026-05-12','2026-05-13',3960,'Tire Technician');
INSERT INTO "Assignment" VALUES(49,21,8,'2026-05-12','2026-05-13',2920,'Data Analyst');
INSERT INTO "Assignment" VALUES(50,21,15,'2026-05-12','2026-05-13',2860,'Data Analyst');
INSERT INTO "Assignment" VALUES(51,22,20,'2026-05-20','2026-05-22',4380,'Lead Engineer');
INSERT INTO "Assignment" VALUES(52,22,16,'2026-05-20','2026-05-22',4760,'Tire Technician');
INSERT INTO "Assignment" VALUES(53,22,6,'2026-05-20','2026-05-22',4320,'Trackside Engineer');
INSERT INTO "Assignment" VALUES(54,23,22,'2026-06-02','2026-06-04',6025,'Lead Engineer');
INSERT INTO "Assignment" VALUES(55,23,2,'2026-06-02','2026-06-04',3800,'Trackside Engineer');
INSERT INTO "Assignment" VALUES(56,23,20,'2026-06-02','2026-06-04',5475,'Support Engineer');
INSERT INTO "Assignment" VALUES(57,23,5,'2026-06-02','2026-06-04',5750,'Tire Technician');
INSERT INTO "Assignment" VALUES(58,24,20,'2026-06-16','2026-06-18',5475,'Lead Engineer');
INSERT INTO "Assignment" VALUES(59,24,5,'2026-06-16','2026-06-18',5750,'Support Engineer');
INSERT INTO "Assignment" VALUES(60,24,14,'2026-06-16','2026-06-18',5900,'Support Engineer');
INSERT INTO "Assignment" VALUES(61,25,13,'2026-03-02','2026-03-04',3525,'Lead Engineer');
INSERT INTO "Assignment" VALUES(62,26,23,'2026-03-13','2026-03-14',2740,'Lead Engineer');
INSERT INTO "Assignment" VALUES(63,26,11,'2026-03-13','2026-03-14',3120,'Support Engineer');
INSERT INTO "Assignment" VALUES(64,27,6,'2026-03-22','2026-03-24',6480,'Lead Engineer');
INSERT INTO "Assignment" VALUES(65,28,7,'2026-04-10','2026-04-11',3450,'Lead Engineer');
INSERT INTO "Assignment" VALUES(66,28,6,'2026-04-10','2026-04-11',5400,'Trackside Engineer');
INSERT INTO "Assignment" VALUES(67,29,10,'2026-04-30','2026-05-01',3960,'Lead Engineer');
INSERT INTO "Assignment" VALUES(68,30,24,'2026-05-21','2026-05-22',4600,'Lead Engineer');
INSERT INTO "Assignment" VALUES(69,30,13,'2026-05-21','2026-05-22',2820,'Data Analyst');
INSERT INTO "Assignment" VALUES(70,30,12,'2026-05-21','2026-05-22',4160,'Trackside Engineer');
INSERT INTO "Assignment" VALUES(71,31,4,'2026-06-07','2026-06-08',2220,'Lead Engineer');
INSERT INTO "Assignment" VALUES(72,32,3,'2026-03-10','2026-03-11',3500,'Lead Engineer');
INSERT INTO "Assignment" VALUES(73,32,9,'2026-03-10','2026-03-11',6100,'Trackside Engineer');
INSERT INTO "Assignment" VALUES(74,32,12,'2026-03-10','2026-03-11',5200,'Support Engineer');
INSERT INTO "Assignment" VALUES(75,33,7,'2026-03-26','2026-03-27',4140,'Lead Engineer');
INSERT INTO "Assignment" VALUES(76,33,13,'2026-03-26','2026-03-27',4230,'Support Engineer');
INSERT INTO "Assignment" VALUES(77,33,12,'2026-03-26','2026-03-27',6240,'Support Engineer');
INSERT INTO "Assignment" VALUES(78,33,10,'2026-03-26','2026-03-27',5940,'Trackside Engineer');
INSERT INTO "Assignment" VALUES(79,33,14,'2026-03-26','2026-03-27',7080,'Tire Technician');
INSERT INTO "Assignment" VALUES(80,34,18,'2026-04-15','2026-04-18',6060,'Lead Engineer');
INSERT INTO "Assignment" VALUES(81,34,15,'2026-04-15','2026-04-18',4290,'Data Analyst');
INSERT INTO "Assignment" VALUES(82,34,7,'2026-04-15','2026-04-18',4140,'Trackside Engineer');
INSERT INTO "Assignment" VALUES(83,34,11,'2026-04-15','2026-04-18',4680,'Support Engineer');
INSERT INTO "Assignment" VALUES(84,35,14,'2026-05-06','2026-05-08',5900,'Lead Engineer');
INSERT INTO "Assignment" VALUES(85,35,8,'2026-05-06','2026-05-08',3650,'Trackside Engineer');
INSERT INTO "Assignment" VALUES(86,35,21,'2026-05-06','2026-05-08',3475,'Support Engineer');
INSERT INTO "Assignment" VALUES(87,35,13,'2026-05-06','2026-05-08',3525,'Trackside Engineer');
INSERT INTO "Assignment" VALUES(88,35,2,'2026-05-06','2026-05-08',3800,'Support Engineer');
INSERT INTO "Assignment" VALUES(89,36,9,'2026-05-26','2026-05-29',6100,'Lead Engineer');
INSERT INTO "Assignment" VALUES(90,36,7,'2026-05-26','2026-05-29',3450,'Support Engineer');
INSERT INTO "Assignment" VALUES(91,36,24,'2026-05-26','2026-05-29',5750,'Data Analyst');
INSERT INTO "Assignment" VALUES(92,37,9,'2026-06-05','2026-06-08',7320,'Lead Engineer');
INSERT INTO "Assignment" VALUES(93,37,11,'2026-06-05','2026-06-08',4680,'Data Analyst');
INSERT INTO "Assignment" VALUES(94,37,20,'2026-06-05','2026-06-08',6570,'Data Analyst');
INSERT INTO "Assignment" VALUES(95,37,2,'2026-06-05','2026-06-08',4560,'Data Analyst');
INSERT INTO "Assignment" VALUES(96,38,1,'2026-06-26','2026-06-29',5040,'Lead Engineer');
INSERT INTO "Assignment" VALUES(97,38,24,'2026-06-26','2026-06-29',8050,'Support Engineer');
INSERT INTO "Assignment" VALUES(98,38,20,'2026-06-26','2026-06-29',7665,'Support Engineer');
INSERT INTO "Assignment" VALUES(99,38,21,'2026-06-26','2026-06-29',4865,'Tire Technician');
INSERT INTO "Assignment" VALUES(100,39,16,'2026-07-18','2026-07-21',5950,'Lead Engineer');
INSERT INTO "Assignment" VALUES(101,39,23,'2026-07-18','2026-07-21',3425,'Trackside Engineer');
INSERT INTO "Assignment" VALUES(102,39,15,'2026-07-18','2026-07-21',3575,'Data Analyst');
INSERT INTO "Assignment" VALUES(103,40,16,'2026-03-22','2026-03-25',9520,'Lead Engineer');
INSERT INTO "Assignment" VALUES(104,40,5,'2026-03-22','2026-03-25',9200,'Trackside Engineer');
INSERT INTO "Assignment" VALUES(105,41,1,'2026-04-12','2026-04-13',2160,'Lead Engineer');
INSERT INTO "Assignment" VALUES(106,42,10,'2026-04-20','2026-04-21',3960,'Lead Engineer');
INSERT INTO "Assignment" VALUES(107,42,23,'2026-04-20','2026-04-21',2740,'Tire Technician');
INSERT INTO "Assignment" VALUES(108,42,5,'2026-04-20','2026-04-21',4600,'Data Analyst');
INSERT INTO "Assignment" VALUES(109,43,15,'2026-04-29','2026-05-01',4290,'Lead Engineer');
INSERT INTO "Assignment" VALUES(110,43,12,'2026-04-29','2026-05-01',6240,'Support Engineer');
INSERT INTO "Assignment" VALUES(111,44,7,'2026-05-08','2026-05-09',3450,'Lead Engineer');
INSERT INTO "Assignment" VALUES(112,44,13,'2026-05-08','2026-05-09',3525,'Tire Technician');
INSERT INTO "Assignment" VALUES(113,44,6,'2026-05-08','2026-05-09',5400,'Trackside Engineer');
INSERT INTO "Assignment" VALUES(114,45,21,'2026-05-26','2026-05-27',2780,'Lead Engineer');
INSERT INTO "Assignment" VALUES(115,46,16,'2025-03-15','2025-03-16',5950,'Lead Engineer');
INSERT INTO "Assignment" VALUES(116,47,18,'2025-03-31','2025-04-01',5050,'Lead Engineer');
INSERT INTO "Assignment" VALUES(117,47,11,'2025-03-31','2025-04-01',3900,'Trackside Engineer');
INSERT INTO "Assignment" VALUES(118,47,6,'2025-03-31','2025-04-01',5400,'Support Engineer');
INSERT INTO "Assignment" VALUES(119,48,9,'2025-04-09','2025-04-11',4880,'Lead Engineer');
INSERT INTO "Assignment" VALUES(120,49,3,'2025-05-01','2025-05-03',4900,'Lead Engineer');
INSERT INTO "Assignment" VALUES(121,49,7,'2025-05-01','2025-05-03',4830,'Trackside Engineer');
INSERT INTO "Assignment" VALUES(122,49,4,'2025-05-01','2025-05-03',5180,'Trackside Engineer');
INSERT INTO "Assignment" VALUES(123,50,15,'2025-05-22','2025-05-23',4290,'Lead Engineer');
INSERT INTO "Assignment" VALUES(124,50,6,'2025-05-22','2025-05-23',6480,'Tire Technician');
INSERT INTO "Assignment" VALUES(125,50,8,'2025-05-22','2025-05-23',4380,'Trackside Engineer');
INSERT INTO "Assignment" VALUES(126,51,20,'2025-06-09','2025-06-11',5475,'Lead Engineer');
INSERT INTO "Assignment" VALUES(127,51,22,'2025-06-09','2025-06-11',6025,'Tire Technician');
INSERT INTO "Assignment" VALUES(128,52,18,'2026-03-16','2026-03-18',6060,'Lead Engineer');
INSERT INTO "Assignment" VALUES(129,52,22,'2026-03-16','2026-03-18',7230,'Data Analyst');
INSERT INTO "Assignment" VALUES(130,52,4,'2026-03-16','2026-03-18',4440,'Data Analyst');
INSERT INTO "Assignment" VALUES(131,52,10,'2026-03-16','2026-03-18',5940,'Data Analyst');
INSERT INTO "Assignment" VALUES(132,52,9,'2026-03-16','2026-03-18',7320,'Data Analyst');
INSERT INTO "Assignment" VALUES(133,53,15,'2026-04-04','2026-04-05',3575,'Lead Engineer');
INSERT INTO "Assignment" VALUES(134,53,8,'2026-04-04','2026-04-05',3650,'Tire Technician');
INSERT INTO "Assignment" VALUES(135,53,6,'2026-04-04','2026-04-05',5400,'Tire Technician');
INSERT INTO "Assignment" VALUES(136,54,10,'2026-04-14','2026-04-16',6930,'Lead Engineer');
INSERT INTO "Assignment" VALUES(137,54,19,'2026-04-14','2026-04-16',5320,'Data Analyst');
INSERT INTO "Assignment" VALUES(138,54,7,'2026-04-14','2026-04-16',4830,'Support Engineer');
INSERT INTO "Assignment" VALUES(139,55,9,'2026-05-04','2026-05-06',7320,'Lead Engineer');
INSERT INTO "Assignment" VALUES(140,55,8,'2026-05-04','2026-05-06',4380,'Support Engineer');
INSERT INTO "Assignment" VALUES(141,55,17,'2026-05-04','2026-05-06',4470,'Trackside Engineer');
INSERT INTO "Assignment" VALUES(142,55,21,'2026-05-04','2026-05-06',4170,'Support Engineer');
INSERT INTO "Assignment" VALUES(143,56,1,'2026-05-15','2026-05-16',2160,'Lead Engineer');
INSERT INTO "Assignment" VALUES(144,56,16,'2026-05-15','2026-05-16',3570,'Trackside Engineer');
INSERT INTO "Assignment" VALUES(145,56,8,'2026-05-15','2026-05-16',2190,'Data Analyst');
INSERT INTO "Assignment" VALUES(146,57,10,'2026-05-30','2026-06-01',3960,'Lead Engineer');
INSERT INTO "Assignment" VALUES(147,57,8,'2026-05-30','2026-06-01',2920,'Support Engineer');
INSERT INTO "Assignment" VALUES(148,57,4,'2026-05-30','2026-06-01',2960,'Tire Technician');
INSERT INTO "Assignment" VALUES(149,58,19,'2026-06-19','2026-06-20',3040,'Lead Engineer');
INSERT INTO "Assignment" VALUES(150,58,7,'2026-06-19','2026-06-20',2760,'Tire Technician');
INSERT INTO "Assignment" VALUES(151,58,3,'2026-06-19','2026-06-20',2800,'Trackside Engineer');
INSERT INTO "Assignment" VALUES(152,58,12,'2026-06-19','2026-06-20',4160,'Data Analyst');
INSERT INTO "Assignment" VALUES(153,58,17,'2026-06-19','2026-06-20',2980,'Support Engineer');
INSERT INTO "Assignment" VALUES(154,59,21,'2026-07-01','2026-07-04',4170,'Lead Engineer');
INSERT INTO "Assignment" VALUES(155,59,20,'2026-07-01','2026-07-04',6570,'Data Analyst');
INSERT INTO "Assignment" VALUES(156,59,23,'2026-07-01','2026-07-04',4110,'Tire Technician');
INSERT INTO "Assignment" VALUES(157,60,12,'2026-07-18','2026-07-20',6240,'Lead Engineer');
INSERT INTO "Assignment" VALUES(158,60,11,'2026-07-18','2026-07-20',4680,'Support Engineer');
INSERT INTO "Assignment" VALUES(159,60,5,'2026-07-18','2026-07-20',6900,'Tire Technician');
INSERT INTO "Assignment" VALUES(160,61,2,'2026-07-30','2026-08-01',3800,'Lead Engineer');
INSERT INTO "Assignment" VALUES(161,61,20,'2026-07-30','2026-08-01',5475,'Tire Technician');
INSERT INTO "Assignment" VALUES(162,61,24,'2026-07-30','2026-08-01',5750,'Support Engineer');
INSERT INTO "Assignment" VALUES(163,61,21,'2026-07-30','2026-08-01',3475,'Data Analyst');
INSERT INTO "Assignment" VALUES(164,62,22,'2026-03-10','2026-03-12',7230,'Lead Engineer');
INSERT INTO "Assignment" VALUES(165,62,12,'2026-03-10','2026-03-12',6240,'Tire Technician');
INSERT INTO "Assignment" VALUES(166,63,10,'2026-03-26','2026-03-28',3960,'Lead Engineer');
INSERT INTO "Assignment" VALUES(167,63,3,'2026-03-26','2026-03-28',2800,'Support Engineer');
INSERT INTO "Assignment" VALUES(168,63,7,'2026-03-26','2026-03-28',2760,'Trackside Engineer');
INSERT INTO "Assignment" VALUES(169,64,16,'2026-04-07','2026-04-08',3570,'Lead Engineer');
INSERT INTO "Assignment" VALUES(170,64,3,'2026-04-07','2026-04-08',2100,'Support Engineer');
INSERT INTO "Assignment" VALUES(171,64,14,'2026-04-07','2026-04-08',3540,'Trackside Engineer');
INSERT INTO "Assignment" VALUES(172,65,18,'2026-04-17','2026-04-20',6060,'Lead Engineer');
INSERT INTO "Assignment" VALUES(173,65,5,'2026-04-17','2026-04-20',6900,'Support Engineer');
INSERT INTO "Assignment" VALUES(174,65,21,'2026-04-17','2026-04-20',4170,'Tire Technician');
INSERT INTO "Assignment" VALUES(175,66,23,'2026-04-29','2026-05-02',4795,'Lead Engineer');
INSERT INTO "Assignment" VALUES(176,66,9,'2026-04-29','2026-05-02',8540,'Trackside Engineer');
INSERT INTO "Assignment" VALUES(177,67,22,'2026-05-13','2026-05-14',4820,'Lead Engineer');
INSERT INTO "Assignment" VALUES(178,67,10,'2026-05-13','2026-05-14',3960,'Trackside Engineer');
INSERT INTO "Assignment" VALUES(179,68,10,'2026-05-24','2026-05-26',4950,'Lead Engineer');
INSERT INTO "Assignment" VALUES(180,69,19,'2026-03-06','2026-03-07',4560,'Lead Engineer');
INSERT INTO "Assignment" VALUES(181,69,12,'2026-03-06','2026-03-07',6240,'Trackside Engineer');
INSERT INTO "Assignment" VALUES(182,69,14,'2026-03-06','2026-03-07',7080,'Support Engineer');
INSERT INTO "Assignment" VALUES(183,70,21,'2026-03-21','2026-03-23',4865,'Lead Engineer');
INSERT INTO "Assignment" VALUES(184,70,7,'2026-03-21','2026-03-23',4830,'Trackside Engineer');
INSERT INTO "Assignment" VALUES(185,71,13,'2026-04-01','2026-04-03',3525,'Lead Engineer');
INSERT INTO "Assignment" VALUES(186,71,7,'2026-04-01','2026-04-03',3450,'Trackside Engineer');
INSERT INTO "Assignment" VALUES(187,71,1,'2026-04-01','2026-04-03',3600,'Tire Technician');
INSERT INTO "Assignment" VALUES(188,72,4,'2026-04-15','2026-04-16',2220,'Lead Engineer');
INSERT INTO "Assignment" VALUES(189,72,3,'2026-04-15','2026-04-16',2100,'Trackside Engineer');
INSERT INTO "Assignment" VALUES(190,73,12,'2026-04-28','2026-04-30',4160,'Lead Engineer');
INSERT INTO "Assignment" VALUES(191,73,15,'2026-04-28','2026-04-30',2860,'Tire Technician');
INSERT INTO "Assignment" VALUES(192,73,6,'2026-04-28','2026-04-30',4320,'Support Engineer');
INSERT INTO "Assignment" VALUES(193,74,18,'2026-05-10','2026-05-11',4040,'Lead Engineer');
INSERT INTO "Assignment" VALUES(194,75,21,'2026-03-12','2026-03-13',2780,'Lead Engineer');
INSERT INTO "Assignment" VALUES(195,76,3,'2026-04-02','2026-04-05',4200,'Lead Engineer');
INSERT INTO "Assignment" VALUES(196,76,19,'2026-04-02','2026-04-05',4560,'Data Analyst');
INSERT INTO "Assignment" VALUES(197,77,17,'2026-04-18','2026-04-20',3725,'Lead Engineer');
INSERT INTO "Assignment" VALUES(198,77,6,'2026-04-18','2026-04-20',5400,'Data Analyst');
INSERT INTO "Assignment" VALUES(199,77,5,'2026-04-18','2026-04-20',5750,'Data Analyst');
INSERT INTO "Assignment" VALUES(200,78,17,'2026-04-28','2026-04-29',2980,'Lead Engineer');
INSERT INTO "Assignment" VALUES(201,79,3,'2026-05-16','2026-05-17',2800,'Lead Engineer');
INSERT INTO "Assignment" VALUES(202,80,13,'2026-05-30','2026-06-02',3525,'Lead Engineer');
INSERT INTO "Assignment" VALUES(203,81,7,'2026-03-12','2026-03-14',4830,'Lead Engineer');
INSERT INTO "Assignment" VALUES(204,81,10,'2026-03-12','2026-03-14',6930,'Trackside Engineer');
INSERT INTO "Assignment" VALUES(205,81,5,'2026-03-12','2026-03-14',8050,'Data Analyst');
INSERT INTO "Assignment" VALUES(206,81,2,'2026-03-12','2026-03-14',5320,'Support Engineer');
INSERT INTO "Assignment" VALUES(207,82,21,'2026-03-27','2026-03-30',3475,'Lead Engineer');
INSERT INTO "Assignment" VALUES(208,82,13,'2026-03-27','2026-03-30',3525,'Tire Technician');
INSERT INTO "Assignment" VALUES(209,82,3,'2026-03-27','2026-03-30',3500,'Tire Technician');
INSERT INTO "Assignment" VALUES(210,82,23,'2026-03-27','2026-03-30',3425,'Trackside Engineer');
INSERT INTO "Assignment" VALUES(211,82,20,'2026-03-27','2026-03-30',5475,'Tire Technician');
INSERT INTO "Assignment" VALUES(212,83,6,'2026-04-17','2026-04-18',6480,'Lead Engineer');
INSERT INTO "Assignment" VALUES(213,83,19,'2026-04-17','2026-04-18',4560,'Trackside Engineer');
INSERT INTO "Assignment" VALUES(214,83,7,'2026-04-17','2026-04-18',4140,'Tire Technician');
INSERT INTO "Assignment" VALUES(215,83,2,'2026-04-17','2026-04-18',4560,'Trackside Engineer');
INSERT INTO "Assignment" VALUES(216,84,4,'2026-05-01','2026-05-03',2960,'Lead Engineer');
INSERT INTO "Assignment" VALUES(217,84,5,'2026-05-01','2026-05-03',4600,'Tire Technician');
INSERT INTO "Assignment" VALUES(218,84,8,'2026-05-01','2026-05-03',2920,'Support Engineer');
INSERT INTO "Assignment" VALUES(219,84,24,'2026-05-01','2026-05-03',4600,'Support Engineer');
INSERT INTO "Assignment" VALUES(220,85,11,'2026-05-20','2026-05-22',3120,'Lead Engineer');
INSERT INTO "Assignment" VALUES(221,85,4,'2026-05-20','2026-05-22',2960,'Data Analyst');
INSERT INTO "Assignment" VALUES(222,85,13,'2026-05-20','2026-05-22',2820,'Trackside Engineer');
INSERT INTO "Assignment" VALUES(223,85,20,'2026-05-20','2026-05-22',4380,'Data Analyst');
INSERT INTO "Assignment" VALUES(224,85,15,'2026-05-20','2026-05-22',2860,'Tire Technician');
INSERT INTO "Assignment" VALUES(225,86,13,'2026-06-06','2026-06-07',2820,'Lead Engineer');
INSERT INTO "Assignment" VALUES(226,86,22,'2026-06-06','2026-06-07',4820,'Trackside Engineer');
INSERT INTO "Assignment" VALUES(227,86,12,'2026-06-06','2026-06-07',4160,'Tire Technician');
INSERT INTO "Assignment" VALUES(228,86,15,'2026-06-06','2026-06-07',2860,'Support Engineer');
INSERT INTO "Assignment" VALUES(229,87,20,'2026-06-20','2026-06-22',5475,'Lead Engineer');
INSERT INTO "Assignment" VALUES(230,87,16,'2026-06-20','2026-06-22',5950,'Tire Technician');
INSERT INTO "Assignment" VALUES(231,87,15,'2026-06-20','2026-06-22',3575,'Trackside Engineer');
INSERT INTO "Assignment" VALUES(232,88,15,'2026-07-03','2026-07-05',5005,'Lead Engineer');
INSERT INTO "Assignment" VALUES(233,88,6,'2026-07-03','2026-07-05',7560,'Support Engineer');
INSERT INTO "Assignment" VALUES(234,88,16,'2026-07-03','2026-07-05',8330,'Tire Technician');
INSERT INTO "Assignment" VALUES(235,88,13,'2026-07-03','2026-07-05',4935,'Data Analyst');
INSERT INTO "Assignment" VALUES(236,88,4,'2026-07-03','2026-07-05',5180,'Trackside Engineer');
INSERT INTO "Assignment" VALUES(237,89,3,'2025-03-10','2025-03-12',4900,'Lead Engineer');
INSERT INTO "Assignment" VALUES(238,89,15,'2025-03-10','2025-03-12',5005,'Support Engineer');
INSERT INTO "Assignment" VALUES(239,90,21,'2025-03-25','2025-03-26',4170,'Lead Engineer');
INSERT INTO "Assignment" VALUES(240,91,3,'2025-04-04','2025-04-05',3500,'Lead Engineer');
INSERT INTO "Assignment" VALUES(241,92,11,'2025-04-24','2025-04-26',3120,'Lead Engineer');
INSERT INTO "Assignment" VALUES(242,92,24,'2025-04-24','2025-04-26',4600,'Support Engineer');
INSERT INTO "Assignment" VALUES(243,92,17,'2025-04-24','2025-04-26',2980,'Support Engineer');
INSERT INTO "Assignment" VALUES(244,93,13,'2025-05-10','2025-05-12',3525,'Lead Engineer');
INSERT INTO "Assignment" VALUES(245,93,21,'2025-05-10','2025-05-12',3475,'Support Engineer');
INSERT INTO "Assignment" VALUES(246,93,5,'2025-05-10','2025-05-12',5750,'Support Engineer');
INSERT INTO "Assignment" VALUES(247,94,24,'2025-05-21','2025-05-24',5750,'Lead Engineer');
INSERT INTO "Assignment" VALUES(248,94,23,'2025-05-21','2025-05-24',3425,'Tire Technician');
INSERT INTO "Assignment" VALUES(249,94,4,'2025-05-21','2025-05-24',3700,'Tire Technician');
INSERT INTO "Assignment" VALUES(250,95,10,'2026-03-06','2026-03-08',3960,'Lead Engineer');
INSERT INTO "Assignment" VALUES(251,95,6,'2026-03-06','2026-03-08',4320,'Tire Technician');
INSERT INTO "Assignment" VALUES(252,96,12,'2026-03-20','2026-03-21',4160,'Lead Engineer');
INSERT INTO "Assignment" VALUES(253,97,9,'2026-04-09','2026-04-12',6100,'Lead Engineer');
INSERT INTO "Assignment" VALUES(254,97,6,'2026-04-09','2026-04-12',5400,'Data Analyst');
INSERT INTO "Assignment" VALUES(255,97,11,'2026-04-09','2026-04-12',3900,'Trackside Engineer');
INSERT INTO "Assignment" VALUES(256,98,9,'2026-04-30','2026-05-02',6100,'Lead Engineer');
INSERT INTO "Assignment" VALUES(257,99,16,'2026-05-20','2026-05-23',7140,'Lead Engineer');
INSERT INTO "Assignment" VALUES(258,99,7,'2026-05-20','2026-05-23',4140,'Data Analyst');
INSERT INTO "Assignment" VALUES(259,99,19,'2026-05-20','2026-05-23',4560,'Tire Technician');
INSERT INTO "Assignment" VALUES(260,100,12,'2026-06-03','2026-06-05',5200,'Lead Engineer');
INSERT INTO "Assignment" VALUES(261,100,2,'2026-06-03','2026-06-05',3800,'Tire Technician');
INSERT INTO "Assignment" VALUES(262,101,13,'2026-06-16','2026-06-19',3525,'Lead Engineer');
INSERT INTO "Assignment" VALUES(263,102,21,'2026-07-06','2026-07-09',5560,'Lead Engineer');
INSERT INTO "Assignment" VALUES(264,103,22,'2026-07-28','2026-07-29',4820,'Lead Engineer');
INSERT INTO "Assignment" VALUES(265,103,11,'2026-07-28','2026-07-29',3120,'Trackside Engineer');
INSERT INTO "Assignment" VALUES(266,104,9,'2026-08-08','2026-08-10',8540,'Lead Engineer');
CREATE TABLE Engineer (
    personnel_id   INTEGER PRIMARY KEY,
    name           TEXT,
    specialization TEXT,
    salary_rate    NUMERIC,
    contract_type  TEXT,
    email          TEXT
);
INSERT INTO "Engineer" VALUES(1,'Jaemin Park','Tire Data',720,'Permanent','j.park@racetire.com');
INSERT INTO "Engineer" VALUES(2,'Jakub Nowak','Vehicle Dynamics',760,'Permanent','j.nowak@racetire.com');
INSERT INTO "Engineer" VALUES(3,'Thomas Berger','Suspension',700,'Permanent','t.berger@racetire.com');
INSERT INTO "Engineer" VALUES(4,'Tom Fischer','Aerodynamics',740,'Permanent','t.fischer@racetire.com');
INSERT INTO "Engineer" VALUES(5,'Christian Vogel','Compound Specialist',1150,'Freelancer','c.vogel@extern.com');
INSERT INTO "Engineer" VALUES(6,'Siegbert Maier','Tire Data',1080,'Freelancer','s.maier@extern.com');
INSERT INTO "Engineer" VALUES(7,'Elena Lindborg','Data Analysis',690,'Permanent','e.lindborg@racetire.com');
INSERT INTO "Engineer" VALUES(8,'Arne Ewald','Vehicle Dynamics',730,'Permanent','a.ewald@racetire.com');
INSERT INTO "Engineer" VALUES(9,'Frederick Russell','Race Strategy',1220,'Freelancer','f.russell@extern.com');
INSERT INTO "Engineer" VALUES(10,'Lukas Hoffmann','Suspension',990,'Freelancer','l.hoffmann@extern.com');
INSERT INTO "Engineer" VALUES(11,'Marco Rossi','Compound Specialist',780,'Permanent','m.rossi@racetire.com');
INSERT INTO "Engineer" VALUES(12,'Yuki Tanaka','Aerodynamics',1040,'Freelancer','y.tanaka@extern.com');
INSERT INTO "Engineer" VALUES(13,'Sara Lund','Data Analysis',705,'Permanent','s.lund@racetire.com');
INSERT INTO "Engineer" VALUES(14,'Mateo Romano','Compound Specialist',1180,'Freelancer','m.romano@extern.com');
INSERT INTO "Engineer" VALUES(15,'Hannah Weiss','Tire Data',715,'Permanent','h.weiss@racetire.com');
INSERT INTO "Engineer" VALUES(16,'Oliver Grant','Race Strategy',1190,'Freelancer','o.grant@extern.com');
INSERT INTO "Engineer" VALUES(17,'Nina Petrova','Vehicle Dynamics',745,'Permanent','n.petrova@racetire.com');
INSERT INTO "Engineer" VALUES(18,'Diego Santos','Suspension',1010,'Freelancer','d.santos@extern.com');
INSERT INTO "Engineer" VALUES(19,'Emma Larsen','Aerodynamics',760,'Permanent','e.larsen@racetire.com');
INSERT INTO "Engineer" VALUES(20,'Karim Haddad','Tire Data',1095,'Freelancer','k.haddad@extern.com');
INSERT INTO "Engineer" VALUES(21,'Greta Olsen','Data Analysis',695,'Permanent','g.olsen@racetire.com');
INSERT INTO "Engineer" VALUES(22,'Ravi Menon','Compound Specialist',1205,'Freelancer','r.menon@extern.com');
INSERT INTO "Engineer" VALUES(23,'Felix Braun','Trackside Support',685,'Permanent','f.braun@racetire.com');
INSERT INTO "Engineer" VALUES(24,'Aiko Mori','Race Strategy',1150,'Freelancer','a.mori@extern.com');
CREATE TABLE ExperienceWithTire (
    personnel_id        INTEGER NOT NULL REFERENCES Engineer(personnel_id),
    tire_id             INTEGER NOT NULL REFERENCES Tire(tire_id),
    experience_in_years INTEGER,
    PRIMARY KEY (personnel_id, tire_id)
);
INSERT INTO "ExperienceWithTire" VALUES(1,13,9);
INSERT INTO "ExperienceWithTire" VALUES(2,11,14);
INSERT INTO "ExperienceWithTire" VALUES(3,14,9);
INSERT INTO "ExperienceWithTire" VALUES(3,8,10);
INSERT INTO "ExperienceWithTire" VALUES(3,9,12);
INSERT INTO "ExperienceWithTire" VALUES(4,5,9);
INSERT INTO "ExperienceWithTire" VALUES(5,12,7);
INSERT INTO "ExperienceWithTire" VALUES(5,13,6);
INSERT INTO "ExperienceWithTire" VALUES(5,6,10);
INSERT INTO "ExperienceWithTire" VALUES(5,5,3);
INSERT INTO "ExperienceWithTire" VALUES(6,6,8);
INSERT INTO "ExperienceWithTire" VALUES(6,13,4);
INSERT INTO "ExperienceWithTire" VALUES(6,2,3);
INSERT INTO "ExperienceWithTire" VALUES(7,12,5);
INSERT INTO "ExperienceWithTire" VALUES(7,1,11);
INSERT INTO "ExperienceWithTire" VALUES(7,5,14);
INSERT INTO "ExperienceWithTire" VALUES(7,9,10);
INSERT INTO "ExperienceWithTire" VALUES(7,14,15);
INSERT INTO "ExperienceWithTire" VALUES(8,12,1);
INSERT INTO "ExperienceWithTire" VALUES(8,1,4);
INSERT INTO "ExperienceWithTire" VALUES(8,14,3);
INSERT INTO "ExperienceWithTire" VALUES(9,10,7);
INSERT INTO "ExperienceWithTire" VALUES(9,11,9);
INSERT INTO "ExperienceWithTire" VALUES(9,7,6);
INSERT INTO "ExperienceWithTire" VALUES(10,3,8);
INSERT INTO "ExperienceWithTire" VALUES(11,10,1);
INSERT INTO "ExperienceWithTire" VALUES(11,11,1);
INSERT INTO "ExperienceWithTire" VALUES(12,1,10);
INSERT INTO "ExperienceWithTire" VALUES(13,5,6);
INSERT INTO "ExperienceWithTire" VALUES(13,2,9);
INSERT INTO "ExperienceWithTire" VALUES(13,9,4);
INSERT INTO "ExperienceWithTire" VALUES(14,10,4);
INSERT INTO "ExperienceWithTire" VALUES(14,5,6);
INSERT INTO "ExperienceWithTire" VALUES(14,14,10);
INSERT INTO "ExperienceWithTire" VALUES(14,3,14);
INSERT INTO "ExperienceWithTire" VALUES(15,3,12);
INSERT INTO "ExperienceWithTire" VALUES(15,14,3);
INSERT INTO "ExperienceWithTire" VALUES(15,1,8);
INSERT INTO "ExperienceWithTire" VALUES(15,4,2);
INSERT INTO "ExperienceWithTire" VALUES(16,11,3);
INSERT INTO "ExperienceWithTire" VALUES(17,7,1);
INSERT INTO "ExperienceWithTire" VALUES(17,13,1);
INSERT INTO "ExperienceWithTire" VALUES(17,5,11);
INSERT INTO "ExperienceWithTire" VALUES(18,6,10);
INSERT INTO "ExperienceWithTire" VALUES(18,10,15);
INSERT INTO "ExperienceWithTire" VALUES(18,11,9);
INSERT INTO "ExperienceWithTire" VALUES(18,13,12);
INSERT INTO "ExperienceWithTire" VALUES(18,8,8);
INSERT INTO "ExperienceWithTire" VALUES(19,3,1);
INSERT INTO "ExperienceWithTire" VALUES(19,1,1);
INSERT INTO "ExperienceWithTire" VALUES(20,1,1);
INSERT INTO "ExperienceWithTire" VALUES(20,7,15);
INSERT INTO "ExperienceWithTire" VALUES(20,3,13);
INSERT INTO "ExperienceWithTire" VALUES(20,4,2);
INSERT INTO "ExperienceWithTire" VALUES(20,12,1);
INSERT INTO "ExperienceWithTire" VALUES(21,9,4);
INSERT INTO "ExperienceWithTire" VALUES(21,11,9);
INSERT INTO "ExperienceWithTire" VALUES(21,4,10);
INSERT INTO "ExperienceWithTire" VALUES(21,3,11);
INSERT INTO "ExperienceWithTire" VALUES(21,7,9);
INSERT INTO "ExperienceWithTire" VALUES(22,14,5);
INSERT INTO "ExperienceWithTire" VALUES(22,10,2);
INSERT INTO "ExperienceWithTire" VALUES(22,3,5);
INSERT INTO "ExperienceWithTire" VALUES(22,9,11);
INSERT INTO "ExperienceWithTire" VALUES(23,12,13);
INSERT INTO "ExperienceWithTire" VALUES(24,12,14);
INSERT INTO "ExperienceWithTire" VALUES(24,9,7);
INSERT INTO "ExperienceWithTire" VALUES(24,1,12);
INSERT INTO "ExperienceWithTire" VALUES(24,7,15);
CREATE TABLE ProjectManager (
    manager_id  INTEGER PRIMARY KEY,
    name        TEXT,
    email       TEXT,
    department  TEXT
);
INSERT INTO "ProjectManager" VALUES(1,'Markus Brandt','m.brandt@racetire.com','Race Operations');
INSERT INTO "ProjectManager" VALUES(2,'Sofia Keller','s.keller@racetire.com','Resource Planning');
INSERT INTO "ProjectManager" VALUES(3,'David Lindqvist','d.lindqvist@racetire.com','Cost Control');
INSERT INTO "ProjectManager" VALUES(4,'Amara Okafor','a.okafor@racetire.com','Logistics');
INSERT INTO "ProjectManager" VALUES(5,'Pierre Dubois','p.dubois@racetire.com','Technical Operations');
CREATE TABLE Race (
    race_id              INTEGER PRIMARY KEY,
    race_name            TEXT,
    start_date           TEXT,
    end_date             TEXT,
    location             TEXT,
    required_travel_days INTEGER,
    series_id            INTEGER NOT NULL REFERENCES RaceSeries(series_id)
);
INSERT INTO "Race" VALUES(1,'Paul Ricard Round 1','2026-03-08','2026-03-09','Paul Ricard',1,1);
INSERT INTO "Race" VALUES(2,'Valencia Round 2','2026-03-23','2026-03-24','Valencia',3,1);
INSERT INTO "Race" VALUES(3,'Red Bull Ring Round 3','2026-04-06','2026-04-08','Red Bull Ring',1,1);
INSERT INTO "Race" VALUES(4,'Magny-Cours Round 4','2026-04-15','2026-04-18','Magny-Cours',1,1);
INSERT INTO "Race" VALUES(5,'Paul Ricard Round 5','2026-04-26','2026-04-27','Paul Ricard',1,1);
INSERT INTO "Race" VALUES(6,'Zolder Round 6','2026-05-06','2026-05-07','Zolder',4,1);
INSERT INTO "Race" VALUES(7,'Misano Round 7','2026-05-18','2026-05-21','Misano',2,1);
INSERT INTO "Race" VALUES(8,'Jarama Round 8','2026-06-04','2026-06-07','Jarama',1,1);
INSERT INTO "Race" VALUES(9,'Barcelona Round 9','2026-06-18','2026-06-20','Barcelona',2,1);
INSERT INTO "Race" VALUES(10,'Assen Round 1','2026-03-01','2026-03-02','Assen',3,2);
INSERT INTO "Race" VALUES(11,'Le Mans Round 2','2026-03-17','2026-03-18','Le Mans',2,2);
INSERT INTO "Race" VALUES(12,'Monza Round 3','2026-03-28','2026-03-30','Monza',4,2);
INSERT INTO "Race" VALUES(13,'Jarama Round 4','2026-04-19','2026-04-21','Jarama',2,2);
INSERT INTO "Race" VALUES(14,'Le Mans Round 5','2026-05-06','2026-05-08','Le Mans',2,2);
INSERT INTO "Race" VALUES(15,'Nuerburgring Round 6','2026-05-26','2026-05-27','Nuerburgring',2,2);
INSERT INTO "Race" VALUES(16,'Las Palmas Round 7','2026-06-06','2026-06-07','Las Palmas',2,2);
INSERT INTO "Race" VALUES(17,'Barcelona Round 8','2026-06-14','2026-06-15','Barcelona',1,2);
INSERT INTO "Race" VALUES(18,'Sulingen Round 1','2026-03-24','2026-03-26','Sulingen',1,3);
INSERT INTO "Race" VALUES(19,'Jarama Round 2','2026-04-02','2026-04-03','Jarama',2,3);
INSERT INTO "Race" VALUES(20,'Jarama Round 3','2026-04-23','2026-04-26','Jarama',2,3);
INSERT INTO "Race" VALUES(21,'Magny-Cours Round 4','2026-05-12','2026-05-13','Magny-Cours',2,3);
INSERT INTO "Race" VALUES(22,'Vallelunga Round 5','2026-05-20','2026-05-22','Vallelunga',1,3);
INSERT INTO "Race" VALUES(23,'Barcelona Round 6','2026-06-02','2026-06-04','Barcelona',2,3);
INSERT INTO "Race" VALUES(24,'Estoril Round 7','2026-06-16','2026-06-18','Estoril',2,3);
INSERT INTO "Race" VALUES(25,'Misano Round 1','2026-03-02','2026-03-04','Misano',2,4);
INSERT INTO "Race" VALUES(26,'Valencia Round 2','2026-03-13','2026-03-14','Valencia',2,4);
INSERT INTO "Race" VALUES(27,'Paul Ricard Round 3','2026-03-22','2026-03-24','Paul Ricard',3,4);
INSERT INTO "Race" VALUES(28,'Nuerburgring Round 4','2026-04-10','2026-04-11','Nuerburgring',3,4);
INSERT INTO "Race" VALUES(29,'Spa-Francorchamps Round 5','2026-04-30','2026-05-01','Spa-Francorchamps',2,4);
INSERT INTO "Race" VALUES(30,'Imola Round 6','2026-05-21','2026-05-22','Imola',2,4);
INSERT INTO "Race" VALUES(31,'Las Palmas Round 7','2026-06-07','2026-06-08','Las Palmas',1,4);
INSERT INTO "Race" VALUES(32,'Spa-Francorchamps Round 1','2026-03-10','2026-03-11','Spa-Francorchamps',3,5);
INSERT INTO "Race" VALUES(33,'Jarama Round 2','2026-03-26','2026-03-27','Jarama',4,5);
INSERT INTO "Race" VALUES(34,'Las Palmas Round 3','2026-04-15','2026-04-18','Las Palmas',2,5);
INSERT INTO "Race" VALUES(35,'Imola Round 4','2026-05-06','2026-05-08','Imola',2,5);
INSERT INTO "Race" VALUES(36,'Silverstone Round 5','2026-05-26','2026-05-29','Silverstone',1,5);
INSERT INTO "Race" VALUES(37,'Silverstone Round 6','2026-06-05','2026-06-08','Silverstone',2,5);
INSERT INTO "Race" VALUES(38,'Imola Round 7','2026-06-26','2026-06-29','Imola',3,5);
INSERT INTO "Race" VALUES(39,'Brno Round 8','2026-07-18','2026-07-21','Brno',1,5);
INSERT INTO "Race" VALUES(40,'Magny-Cours Round 1','2026-03-22','2026-03-25','Magny-Cours',4,6);
INSERT INTO "Race" VALUES(41,'Spa-Francorchamps Round 2','2026-04-12','2026-04-13','Spa-Francorchamps',1,6);
INSERT INTO "Race" VALUES(42,'Silverstone Round 3','2026-04-20','2026-04-21','Silverstone',2,6);
INSERT INTO "Race" VALUES(43,'Hockenheim Round 4','2026-04-29','2026-05-01','Hockenheim',3,6);
INSERT INTO "Race" VALUES(44,'Silverstone Round 5','2026-05-08','2026-05-09','Silverstone',3,6);
INSERT INTO "Race" VALUES(45,'Mugello Round 6','2026-05-26','2026-05-27','Mugello',2,6);
INSERT INTO "Race" VALUES(46,'Assen Round 1','2025-03-15','2025-03-16','Assen',3,7);
INSERT INTO "Race" VALUES(47,'Jarama Round 2','2025-03-31','2025-04-01','Jarama',3,7);
INSERT INTO "Race" VALUES(48,'Paul Ricard Round 3','2025-04-09','2025-04-11','Paul Ricard',1,7);
INSERT INTO "Race" VALUES(49,'Nuerburgring Round 4','2025-05-01','2025-05-03','Nuerburgring',4,7);
INSERT INTO "Race" VALUES(50,'Nuerburgring Round 5','2025-05-22','2025-05-23','Nuerburgring',4,7);
INSERT INTO "Race" VALUES(51,'Mugello Round 6','2025-06-09','2025-06-11','Mugello',2,7);
INSERT INTO "Race" VALUES(52,'Portimao Round 1','2026-03-16','2026-03-18','Portimao',3,8);
INSERT INTO "Race" VALUES(53,'Spa-Francorchamps Round 2','2026-04-04','2026-04-05','Spa-Francorchamps',3,8);
INSERT INTO "Race" VALUES(54,'Paul Ricard Round 3','2026-04-14','2026-04-16','Paul Ricard',4,8);
INSERT INTO "Race" VALUES(55,'Red Bull Ring Round 4','2026-05-04','2026-05-06','Red Bull Ring',3,8);
INSERT INTO "Race" VALUES(56,'Mugello Round 5','2026-05-15','2026-05-16','Mugello',1,8);
INSERT INTO "Race" VALUES(57,'Jarama Round 6','2026-05-30','2026-06-01','Jarama',1,8);
INSERT INTO "Race" VALUES(58,'Jarama Round 7','2026-06-19','2026-06-20','Jarama',2,8);
INSERT INTO "Race" VALUES(59,'Zolder Round 8','2026-07-01','2026-07-04','Zolder',2,8);
INSERT INTO "Race" VALUES(60,'Monza Round 9','2026-07-18','2026-07-20','Monza',3,8);
INSERT INTO "Race" VALUES(61,'Spa-Francorchamps Round 10','2026-07-30','2026-08-01','Spa-Francorchamps',2,8);
INSERT INTO "Race" VALUES(62,'Spa-Francorchamps Round 1','2026-03-10','2026-03-12','Spa-Francorchamps',3,9);
INSERT INTO "Race" VALUES(63,'Las Palmas Round 2','2026-03-26','2026-03-28','Las Palmas',1,9);
INSERT INTO "Race" VALUES(64,'Brno Round 3','2026-04-07','2026-04-08','Brno',1,9);
INSERT INTO "Race" VALUES(65,'Paul Ricard Round 4','2026-04-17','2026-04-20','Paul Ricard',2,9);
INSERT INTO "Race" VALUES(66,'Silverstone Round 5','2026-04-29','2026-05-02','Silverstone',3,9);
INSERT INTO "Race" VALUES(67,'Magny-Cours Round 6','2026-05-13','2026-05-14','Magny-Cours',2,9);
INSERT INTO "Race" VALUES(68,'Mugello Round 7','2026-05-24','2026-05-26','Mugello',2,9);
INSERT INTO "Race" VALUES(69,'Mugello Round 1','2026-03-06','2026-03-07','Mugello',4,10);
INSERT INTO "Race" VALUES(70,'Zolder Round 2','2026-03-21','2026-03-23','Zolder',4,10);
INSERT INTO "Race" VALUES(71,'Rijeka Round 3','2026-04-01','2026-04-03','Rijeka',2,10);
INSERT INTO "Race" VALUES(72,'Valencia Round 4','2026-04-15','2026-04-16','Valencia',1,10);
INSERT INTO "Race" VALUES(73,'Las Palmas Round 5','2026-04-28','2026-04-30','Las Palmas',1,10);
INSERT INTO "Race" VALUES(74,'Assen Round 6','2026-05-10','2026-05-11','Assen',2,10);
INSERT INTO "Race" VALUES(75,'Las Palmas Round 1','2026-03-12','2026-03-13','Las Palmas',2,11);
INSERT INTO "Race" VALUES(76,'Spa-Francorchamps Round 2','2026-04-02','2026-04-05','Spa-Francorchamps',2,11);
INSERT INTO "Race" VALUES(77,'Portimao Round 3','2026-04-18','2026-04-20','Portimao',2,11);
INSERT INTO "Race" VALUES(78,'Jarama Round 4','2026-04-28','2026-04-29','Jarama',2,11);
INSERT INTO "Race" VALUES(79,'Nuerburgring Round 5','2026-05-16','2026-05-17','Nuerburgring',2,11);
INSERT INTO "Race" VALUES(80,'Valencia Round 6','2026-05-30','2026-06-02','Valencia',1,11);
INSERT INTO "Race" VALUES(81,'Barcelona Round 1','2026-03-12','2026-03-14','Barcelona',4,12);
INSERT INTO "Race" VALUES(82,'Estoril Round 2','2026-03-27','2026-03-30','Estoril',1,12);
INSERT INTO "Race" VALUES(83,'Portimao Round 3','2026-04-17','2026-04-18','Portimao',4,12);
INSERT INTO "Race" VALUES(84,'Red Bull Ring Round 4','2026-05-01','2026-05-03','Red Bull Ring',1,12);
INSERT INTO "Race" VALUES(85,'Mugello Round 5','2026-05-20','2026-05-22','Mugello',1,12);
INSERT INTO "Race" VALUES(86,'Vallelunga Round 6','2026-06-06','2026-06-07','Vallelunga',2,12);
INSERT INTO "Race" VALUES(87,'Zolder Round 7','2026-06-20','2026-06-22','Zolder',2,12);
INSERT INTO "Race" VALUES(88,'Las Palmas Round 8','2026-07-03','2026-07-05','Las Palmas',4,12);
INSERT INTO "Race" VALUES(89,'Estoril Round 1','2025-03-10','2025-03-12','Estoril',4,13);
INSERT INTO "Race" VALUES(90,'Vallelunga Round 2','2025-03-25','2025-03-26','Vallelunga',4,13);
INSERT INTO "Race" VALUES(91,'Misano Round 3','2025-04-04','2025-04-05','Misano',3,13);
INSERT INTO "Race" VALUES(92,'Estoril Round 4','2025-04-24','2025-04-26','Estoril',1,13);
INSERT INTO "Race" VALUES(93,'Hockenheim Round 5','2025-05-10','2025-05-12','Hockenheim',2,13);
INSERT INTO "Race" VALUES(94,'Misano Round 6','2025-05-21','2025-05-24','Misano',1,13);
INSERT INTO "Race" VALUES(95,'Estoril Round 1','2026-03-06','2026-03-08','Estoril',1,14);
INSERT INTO "Race" VALUES(96,'Rijeka Round 2','2026-03-20','2026-03-21','Rijeka',2,14);
INSERT INTO "Race" VALUES(97,'Misano Round 3','2026-04-09','2026-04-12','Misano',1,14);
INSERT INTO "Race" VALUES(98,'Las Palmas Round 4','2026-04-30','2026-05-02','Las Palmas',2,14);
INSERT INTO "Race" VALUES(99,'Misano Round 5','2026-05-20','2026-05-23','Misano',2,14);
INSERT INTO "Race" VALUES(100,'Portimao Round 6','2026-06-03','2026-06-05','Portimao',2,14);
INSERT INTO "Race" VALUES(101,'Rijeka Round 7','2026-06-16','2026-06-19','Rijeka',1,14);
INSERT INTO "Race" VALUES(102,'Le Mans Round 8','2026-07-06','2026-07-09','Le Mans',4,14);
INSERT INTO "Race" VALUES(103,'Spa-Francorchamps Round 9','2026-07-28','2026-07-29','Spa-Francorchamps',2,14);
INSERT INTO "Race" VALUES(104,'Las Palmas Round 10','2026-08-08','2026-08-10','Las Palmas',4,14);
CREATE TABLE RaceSeries (
    series_id        INTEGER PRIMARY KEY,
    series_name      TEXT,
    season_year      INTEGER,
    manager_id       INTEGER NOT NULL REFERENCES ProjectManager(manager_id),
    official_tire_id INTEGER NOT NULL REFERENCES Tire(tire_id)
);
INSERT INTO "RaceSeries" VALUES(1,'World Rally Championship',2026,1,6);
INSERT INTO "RaceSeries" VALUES(2,'Lamborghini Super Trofeo EU',2026,2,2);
INSERT INTO "RaceSeries" VALUES(3,'Iberian Supercars Endurance',2026,3,8);
INSERT INTO "RaceSeries" VALUES(4,'Radical Cup EU',2026,2,1);
INSERT INTO "RaceSeries" VALUES(5,'Formula X',2026,1,3);
INSERT INTO "RaceSeries" VALUES(6,'Ligier JS Cup',2026,3,2);
INSERT INTO "RaceSeries" VALUES(7,'Supercars Challenge',2025,1,8);
INSERT INTO "RaceSeries" VALUES(8,'GT World Challenge EU',2026,4,14);
INSERT INTO "RaceSeries" VALUES(9,'Prototype Cup ITA',2026,5,9);
INSERT INTO "RaceSeries" VALUES(10,'Hankook 24H Series',2026,4,12);
INSERT INTO "RaceSeries" VALUES(11,'Rally Winter Cup',2026,5,13);
INSERT INTO "RaceSeries" VALUES(12,'Endurance Masters',2026,3,10);
INSERT INTO "RaceSeries" VALUES(13,'Formula X Winter',2025,1,3);
INSERT INTO "RaceSeries" VALUES(14,'Touring Car Trophy',2026,2,12);
CREATE TABLE Tire (
    tire_id        INTEGER PRIMARY KEY,
    compound_name  TEXT,
    brand          TEXT,
    pressure_specs REAL
);
INSERT INTO "Tire" VALUES(1,'Soft Slick C5','Pirelli',1.9);
INSERT INTO "Tire" VALUES(2,'Medium Slick C3','Pirelli',2.0);
INSERT INTO "Tire" VALUES(3,'Hard Slick C1','Pirelli',2.1);
INSERT INTO "Tire" VALUES(4,'Full Wet','Pirelli',2.3);
INSERT INTO "Tire" VALUES(5,'Intermediate','Michelin',2.2);
INSERT INTO "Tire" VALUES(6,'Rally Gravel','Michelin',2.4);
INSERT INTO "Tire" VALUES(7,'Rally Tarmac','Michelin',2.0);
INSERT INTO "Tire" VALUES(8,'Endurance Medium','Goodyear',1.95);
INSERT INTO "Tire" VALUES(9,'Super Soft C6','Pirelli',1.85);
INSERT INTO "Tire" VALUES(10,'Endurance Hard','Goodyear',2.05);
INSERT INTO "Tire" VALUES(11,'Wet Monsoon','Hankook',2.35);
INSERT INTO "Tire" VALUES(12,'Slick Ventus','Hankook',2.0);
INSERT INTO "Tire" VALUES(13,'Rally Snow/Ice','Michelin',2.5);
INSERT INTO "Tire" VALUES(14,'GT Slick Eagle','Goodyear',1.98);
COMMIT;
